{"train_loss": [1.110704731941223, 1.0620753526687623, 1.0484729826450347, 1.0468758255243302, 1.0520960956811904, 1.0443666249513626, 1.0402686446905136, 1.0343257009983062, 1.0471734315156938, 1.0366132438182831, 1.0447019040584564, 1.0346202790737151, 1.0329243868589402, 1.0274150609970092, 1.0236488848924636, 1.022878471016884, 1.0260215878486634, 1.0360757410526276, 1.0307927191257478, 1.0225823491811752, 1.0247030228376388, 1.0205360114574433, 1.0169686764478683, 1.018204203248024, 1.0312701493501664, 1.023649325966835, 1.0206666797399522, 1.0153487861156463, 1.0259198248386383, 1.0147718697786332, 1.0289712458848954, 1.0221368283033372, 1.0165047228336335, 1.01620392203331, 1.0180636137723922, 1.0115228950977326, 1.0164126932621003, 1.0165279537439347, 1.0175325632095338, 1.0166785001754761, 1.022048857808113, 1.0207017660140991, 1.014683222770691, 1.0221248120069504, 1.0170164614915849, 1.0129701733589171, 1.0149353832006454, 1.0170394659042359, 1.0134007304906845, 1.0145312339067458], "val_loss": [1.2844669103622437, 1.1875644087791444, 1.1048221826553344, 1.0869647979736328, 1.0782701015472411, 1.0708944916725158, 1.0740277528762818, 1.0736855387687683, 1.0658350110054016, 1.067555797100067, 1.065921688079834, 1.0623366236686707, 1.0685406804084778, 1.068698787689209, 1.0612924575805665, 1.0583809614181519, 1.0631122708320617, 1.0557416439056397, 1.054725432395935, 1.053769600391388, 1.0526519417762756, 1.0523751616477965, 1.0551713824272155, 1.055100929737091, 1.0551474332809447, 1.0537415504455567, 1.0526774764060973, 1.0540611028671265, 1.0541938304901124, 1.0521842241287231, 1.0518794655799866, 1.0530436873435973, 1.0519108653068543, 1.0542739868164062, 1.0517077088356017, 1.053062915802002, 1.0507798194885254, 1.051578116416931, 1.0528591394424438, 1.0498207330703735, 1.0495608687400817, 1.0508340716362, 1.0505214929580688, 1.0493878960609435, 1.0503160953521729, 1.0511862754821777, 1.0523547768592834, 1.0508660316467284, 1.0495821118354798, 1.0522845029830932]}