{"train_loss": [1.119921514391899, 1.0634839534759521, 1.048638144135475, 1.0561790645122529, 1.0477903664112092, 1.0547737389802934, 1.0427697002887726, 1.036653983592987, 1.0305421769618988, 1.0453900516033172, 1.0361636877059937, 1.022597798705101, 1.0322748064994811, 1.0341693729162216, 1.0288830667734146, 1.0352124392986297, 1.0288781017065047, 1.0215480297803878, 1.0164409220218658, 1.0316520094871522, 1.019536378979683, 1.0154198050498962, 1.0145732790231705, 1.0170638620853425, 1.0267289280891418, 1.0352277308702469, 1.0124837309122086, 1.0217303037643433, 1.023808941245079, 1.010845136642456, 1.01165851354599, 1.0153973013162614, 1.0138543039560317, 1.0216994911432267, 1.0178615212440492, 1.030555358529091, 1.0199911653995515, 1.0153379946947099, 1.015990674495697, 1.030210304260254, 1.0220630288124084, 1.0063879638910294, 1.0167699873447418, 1.0095076113939285, 1.0146192520856858, 1.0185915321111678, 1.016193464398384, 1.007258689403534, 1.0118316799402236, 1.012787538766861, 1.0113436341285706, 1.0219638705253602, 1.0203103095293045, 1.0116953819990158, 1.011232078075409, 1.0254049599170685, 1.0063584327697754, 1.0108079791069031, 1.0215271234512329, 1.0086815685033799, 1.0190167158842087, 1.020076248049736, 1.0154331088066102, 1.0162388801574707, 1.008387464284897, 1.0060462921857833, 1.01085886657238, 1.0124438375234603, 1.0091572046279906, 1.0132736414670944], "val_loss": [1.2706188440322876, 1.2573324680328368, 1.0956552147865295, 1.0896491765975953, 1.0790949702262878, 1.0860027909278869, 1.0734158158302307, 1.076941442489624, 1.0779885172843933, 1.0719799280166626, 1.0753407239913941, 1.0697321057319642, 1.061626708507538, 1.0685333967208863, 1.0632171869277953, 1.072678232192993, 1.0636508107185363, 1.062301254272461, 1.0738868474960328, 1.0680763244628906, 1.0643081307411193, 1.0625058650970458, 1.0591255307197571, 1.0592207193374634, 1.0586406588554382, 1.0587275862693786, 1.058683490753174, 1.0571969509124757, 1.0540103793144227, 1.0584108471870421, 1.0595877647399903, 1.0579707503318787, 1.0596065878868104, 1.0534074187278748, 1.0583889484405518, 1.0552565217018128, 1.0634890913963317, 1.05636465549469, 1.0549064993858337, 1.0651134371757507, 1.0602738976478576, 1.056210458278656, 1.0544982075691223, 1.0563066363334657, 1.0542912006378173, 1.0590022563934327, 1.060132133960724, 1.0558358907699585, 1.0562124252319336, 1.0558690547943115, 1.0572004199028016, 1.0554976344108582, 1.0581138134002686, 1.052514135837555, 1.0537904500961304, 1.0542947769165039, 1.0530028462409973, 1.0549182891845703, 1.0556614756584168, 1.053706443309784, 1.0540955781936645, 1.055371141433716, 1.0552882909774781, 1.0592571139335631, 1.054980731010437, 1.0550317645072937, 1.055293607711792, 1.0573285698890686, 1.0546451210975647, 1.0574686765670775]}